order_id,ship_name,ship_address,ship_city
10248,Vins et alcools Chevalier,59 rue de l'Abbaye,Reims
10249,Toms Spezialitäten,Luisenstr. 48,Münster
10250,Hanari Carnes,"Rua do Paço, 67",Rio de Janeiro
10251,Victuailles en stock,"2, rue du Commerce",Lyon
10252,Suprêmes délices,"Boulevard Tirou, 255",Charleroi
10253,Hanari Carnes,"Rua do Paço, 67",Rio de Janeiro
10254,Chop-suey Chinese,Hauptstr. 31,Bern
10255,Richter Supermarkt,Starenweg 5,Genève
10256,Wellington Importadora,"Rua do Mercado, 12",Resende
10257,HILARION-Abastos,Carrera 22 con Ave. Carlos Soublette #8-35,San Cristóbal
10258,Ernst Handel,Kirchgasse 6,Graz
10259,Centro comercial Moctezuma,Sierras de Granada 9993,México D.F.
10260,Ottilies Käseladen,Mehrheimerstr. 369,Köln
10261,Que Delícia,"Rua da Panificadora, 12",Rio de Janeiro
10262,Rattlesnake Canyon Grocery,2817 Milton Dr.,Albuquerque
10263,Ernst Handel,Kirchgasse 6,Graz
10264,Folk och fä HB,Åkergatan 24,Bräcke
10265,Blondel père et fils,"24, place Kléber",Strasbourg
10266,Wartian Herkku,Torikatu 38,Oulu
10267,Frankenversand,Berliner Platz 43,München
10268,GROSELLA-Restaurante,5ª Ave. Los Palos Grandes,Caracas
10269,White Clover Markets,1029 - 12th Ave. S.,Seattle
10270,Wartian Herkku,Torikatu 38,Oulu
10271,Split Rail Beer & Ale,P.O. Box 555,Lander
10272,Rattlesnake Canyon Grocery,2817 Milton Dr.,Albuquerque
10273,QUICK-Stop,Taucherstraße 10,Cunewalde
10274,Vins et alcools Chevalier,59 rue de l'Abbaye,Reims
10275,Magazzini Alimentari Riuniti,Via Ludovico il Moro 22,Bergamo
10276,Tortuga Restaurante,Avda. Azteca 123,México D.F.
10277,Morgenstern Gesundkost,Heerstr. 22,Leipzig
10278,Berglunds snabbköp,Berguvsvägen  8,Luleå
10279,Lehmanns Marktstand,Magazinweg 7,Frankfurt a.M.
10280,Berglunds snabbköp,Berguvsvägen  8,Luleå
10281,Romero y tomillo,"Gran Vía, 1",Madrid
10282,Romero y tomillo,"Gran Vía, 1",Madrid
10283,LILA-Supermercado,Carrera 52 con Ave. Bolívar #65-98 Llano Largo,Barquisimeto
10284,Lehmanns Marktstand,Magazinweg 7,Frankfurt a.M.
10285,QUICK-Stop,Taucherstraße 10,Cunewalde
10286,QUICK-Stop,Taucherstraße 10,Cunewalde
10287,Ricardo Adocicados,"Av. Copacabana, 267",Rio de Janeiro
10288,Reggiani Caseifici,Strada Provinciale 124,Reggio Emilia
10289,B's Beverages,Fauntleroy Circus,London
10290,Comércio Mineiro,"Av. dos Lusíadas, 23",Sao Paulo
10291,Que Delícia,"Rua da Panificadora, 12",Rio de Janeiro
10292,Tradiçao Hipermercados,"Av. Inês de Castro, 414",Sao Paulo
10293,Tortuga Restaurante,Avda. Azteca 123,México D.F.
10294,Rattlesnake Canyon Grocery,2817 Milton Dr.,Albuquerque
10295,Vins et alcools Chevalier,59 rue de l'Abbaye,Reims
10296,LILA-Supermercado,Carrera 52 con Ave. Bolívar #65-98 Llano Largo,Barquisimeto
10297,Blondel père et fils,"24, place Kléber",Strasbourg
10298,Hungry Owl All-Night Grocers,8 Johnstown Road,Cork
10299,Ricardo Adocicados,"Av. Copacabana, 267",Rio de Janeiro
10300,Magazzini Alimentari Riuniti,Via Ludovico il Moro 22,Bergamo
10301,Die Wandernde Kuh,Adenauerallee 900,Stuttgart
10302,Suprêmes délices,"Boulevard Tirou, 255",Charleroi
10303,Godos Cocina Típica,"C/ Romero, 33",Sevilla
10304,Tortuga Restaurante,Avda. Azteca 123,México D.F.
10305,Old World Delicatessen,2743 Bering St.,Anchorage
10306,Romero y tomillo,"Gran Vía, 1",Madrid
10307,Lonesome Pine Restaurant,89 Chiaroscuro Rd.,Portland
10308,Ana Trujillo Emparedados y helados,Avda. de la Constitución 2222,México D.F.
10309,Hungry Owl All-Night Grocers,8 Johnstown Road,Cork
10310,The Big Cheese,89 Jefferson Way Suite 2,Portland
10311,Du monde entier,"67, rue des Cinquante Otages",Nantes
10312,Die Wandernde Kuh,Adenauerallee 900,Stuttgart
10313,QUICK-Stop,Taucherstraße 10,Cunewalde
10314,Rattlesnake Canyon Grocery,2817 Milton Dr.,Albuquerque
10315,Island Trading,Garden House Crowther Way,Cowes
10316,Rattlesnake Canyon Grocery,2817 Milton Dr.,Albuquerque
10317,Lonesome Pine Restaurant,89 Chiaroscuro Rd.,Portland
10318,Island Trading,Garden House Crowther Way,Cowes
10319,Tortuga Restaurante,Avda. Azteca 123,México D.F.
10320,Wartian Herkku,Torikatu 38,Oulu
10321,Island Trading,Garden House Crowther Way,Cowes
10322,Pericles Comidas clásicas,Calle Dr. Jorge Cash 321,México D.F.
10323,Königlich Essen,Maubelstr. 90,Brandenburg
10324,Save-a-lot Markets,187 Suffolk Ln.,Boise
10325,Königlich Essen,Maubelstr. 90,Brandenburg
10326,Bólido Comidas preparadas,"C/ Araquil, 67",Madrid
10327,Folk och fä HB,Åkergatan 24,Bräcke
10328,Furia Bacalhau e Frutos do Mar,Jardim das rosas n. 32,Lisboa
10329,Split Rail Beer & Ale,P.O. Box 555,Lander
10330,LILA-Supermercado,Carrera 52 con Ave. Bolívar #65-98 Llano Largo,Barquisimeto
10331,Bon app',"12, rue des Bouchers",Marseille
10332,Mère Paillarde,43 rue St. Laurent,Montréal
10333,Wartian Herkku,Torikatu 38,Oulu
10334,Victuailles en stock,"2, rue du Commerce",Lyon
10335,Hungry Owl All-Night Grocers,8 Johnstown Road,Cork
10336,Princesa Isabel Vinhos,Estrada da saúde n. 58,Lisboa
10337,Frankenversand,Berliner Platz 43,München
10338,Old World Delicatessen,2743 Bering St.,Anchorage
10339,Mère Paillarde,43 rue St. Laurent,Montréal
10340,Bon app',"12, rue des Bouchers",Marseille
10341,Simons bistro,Vinbæltet 34,Kobenhavn
10342,Frankenversand,Berliner Platz 43,München
10343,Lehmanns Marktstand,Magazinweg 7,Frankfurt a.M.
10344,White Clover Markets,1029 - 12th Ave. S.,Seattle
10345,QUICK-Stop,Taucherstraße 10,Cunewalde
10346,Rattlesnake Canyon Grocery,2817 Milton Dr.,Albuquerque
10347,Familia Arquibaldo,"Rua Orós, 92",Sao Paulo
10348,Die Wandernde Kuh,Adenauerallee 900,Stuttgart
10349,Split Rail Beer & Ale,P.O. Box 555,Lander
10350,La maison d'Asie,1 rue Alsace-Lorraine,Toulouse
10351,Ernst Handel,Kirchgasse 6,Graz
10352,Furia Bacalhau e Frutos do Mar,Jardim das rosas n. 32,Lisboa
10353,Piccolo und mehr,Geislweg 14,Salzburg
10354,Pericles Comidas clásicas,Calle Dr. Jorge Cash 321,México D.F.
10355,Around the Horn,Brook Farm Stratford St. Mary,Colchester
10356,Die Wandernde Kuh,Adenauerallee 900,Stuttgart
10357,LILA-Supermercado,Carrera 52 con Ave. Bolívar #65-98 Llano Largo,Barquisimeto
10358,La maison d'Asie,1 rue Alsace-Lorraine,Toulouse
10359,Seven Seas Imports,90 Wadhurst Rd.,London
10360,Blondel père et fils,"24, place Kléber",Strasbourg
10361,QUICK-Stop,Taucherstraße 10,Cunewalde
10362,Bon app',"12, rue des Bouchers",Marseille
10363,Drachenblut Delikatessen,Walserweg 21,Aachen
10364,Eastern Connection,35 King George,London
10365,Antonio Moreno Taquería,Mataderos  2312,México D.F.
10366,Galería del gastronómo,"Rambla de Cataluña, 23",Barcelona
10367,Vaffeljernet,Smagsloget 45,Århus
10368,Ernst Handel,Kirchgasse 6,Graz
10369,Split Rail Beer & Ale,P.O. Box 555,Lander
10370,Chop-suey Chinese,Hauptstr. 31,Bern
10371,La maison d'Asie,1 rue Alsace-Lorraine,Toulouse
10372,Queen Cozinha,"Alameda dos Canàrios, 891",Sao Paulo
10373,Hungry Owl All-Night Grocers,8 Johnstown Road,Cork
10374,Wolski Zajazd,ul. Filtrowa 68,Warszawa
10375,Hungry Coyote Import Store,City Center Plaza 516 Main St.,Elgin
10376,Mère Paillarde,43 rue St. Laurent,Montréal
10377,Seven Seas Imports,90 Wadhurst Rd.,London
10378,Folk och fä HB,Åkergatan 24,Bräcke
10379,Que Delícia,"Rua da Panificadora, 12",Rio de Janeiro
10380,Hungry Owl All-Night Grocers,8 Johnstown Road,Cork
10381,LILA-Supermercado,Carrera 52 con Ave. Bolívar #65-98 Llano Largo,Barquisimeto
10382,Ernst Handel,Kirchgasse 6,Graz
10383,Around the Horn,Brook Farm Stratford St. Mary,Colchester
10384,Berglunds snabbköp,Berguvsvägen  8,Luleå
10385,Split Rail Beer & Ale,P.O. Box 555,Lander
10386,Familia Arquibaldo,"Rua Orós, 92",Sao Paulo
10387,Santé Gourmet,Erling Skakkes gate 78,Stavern
10388,Seven Seas Imports,90 Wadhurst Rd.,London
10389,Bottom-Dollar Markets,23 Tsawassen Blvd.,Tsawassen
10390,Ernst Handel,Kirchgasse 6,Graz
10391,Drachenblut Delikatessen,Walserweg 21,Aachen
10392,Piccolo und mehr,Geislweg 14,Salzburg
10393,Save-a-lot Markets,187 Suffolk Ln.,Boise
10394,Hungry Coyote Import Store,City Center Plaza 516 Main St.,Elgin
10395,HILARION-Abastos,Carrera 22 con Ave. Carlos Soublette #8-35,San Cristóbal
10396,Frankenversand,Berliner Platz 43,München
10397,Princesa Isabel Vinhos,Estrada da saúde n. 58,Lisboa
10398,Save-a-lot Markets,187 Suffolk Ln.,Boise
10399,Vaffeljernet,Smagsloget 45,Århus
10400,Eastern Connection,35 King George,London
10401,Rattlesnake Canyon Grocery,2817 Milton Dr.,Albuquerque
10402,Ernst Handel,Kirchgasse 6,Graz
10403,Ernst Handel,Kirchgasse 6,Graz
10404,Magazzini Alimentari Riuniti,Via Ludovico il Moro 22,Bergamo
10405,LINO-Delicateses,Ave. 5 de Mayo Porlamar,I. de Margarita
10406,Queen Cozinha,"Alameda dos Canàrios, 891",Sao Paulo
10407,Ottilies Käseladen,Mehrheimerstr. 369,Köln
10408,Folies gourmandes,"184, chaussée de Tournai",Lille
10409,Océano Atlántico Ltda.,Ing. Gustavo Moncada 8585 Piso 20-A,Buenos Aires
10410,Bottom-Dollar Markets,23 Tsawassen Blvd.,Tsawassen
10411,Bottom-Dollar Markets,23 Tsawassen Blvd.,Tsawassen
10412,Wartian Herkku,Torikatu 38,Oulu
10413,La maison d'Asie,1 rue Alsace-Lorraine,Toulouse
10414,Familia Arquibaldo,"Rua Orós, 92",Sao Paulo
10415,Hungry Coyote Import Store,City Center Plaza 516 Main St.,Elgin
10416,Wartian Herkku,Torikatu 38,Oulu
10417,Simons bistro,Vinbæltet 34,Kobenhavn
10418,QUICK-Stop,Taucherstraße 10,Cunewalde
10419,Richter Supermarkt,Starenweg 5,Genève
10420,Wellington Importadora,"Rua do Mercado, 12",Resende
10421,Que Delícia,"Rua da Panificadora, 12",Rio de Janeiro
10422,Franchi S.p.A.,Via Monte Bianco 34,Torino
10423,Gourmet Lanchonetes,"Av. Brasil, 442",Campinas
10424,Mère Paillarde,43 rue St. Laurent,Montréal
10425,La maison d'Asie,1 rue Alsace-Lorraine,Toulouse
10426,Galería del gastronómo,"Rambla de Cataluña, 23",Barcelona
10427,Piccolo und mehr,Geislweg 14,Salzburg
10428,Reggiani Caseifici,Strada Provinciale 124,Reggio Emilia
10429,Hungry Owl All-Night Grocers,8 Johnstown Road,Cork
10430,Ernst Handel,Kirchgasse 6,Graz
10431,Bottom-Dollar Markets,23 Tsawassen Blvd.,Tsawassen
10432,Split Rail Beer & Ale,P.O. Box 555,Lander
10433,Princesa Isabel Vinhos,Estrada da saúde n. 58,Lisboa
10434,Folk och fä HB,Åkergatan 24,Bräcke
10435,Consolidated Holdings,Berkeley Gardens 12  Brewery,London
10436,Blondel père et fils,"24, place Kléber",Strasbourg
10437,Wartian Herkku,Torikatu 38,Oulu
10438,Toms Spezialitäten,Luisenstr. 48,Münster
10439,Mère Paillarde,43 rue St. Laurent,Montréal
10440,Save-a-lot Markets,187 Suffolk Ln.,Boise
10441,Old World Delicatessen,2743 Bering St.,Anchorage
10442,Ernst Handel,Kirchgasse 6,Graz
10443,Reggiani Caseifici,Strada Provinciale 124,Reggio Emilia
10444,Berglunds snabbköp,Berguvsvägen  8,Luleå
10445,Berglunds snabbköp,Berguvsvägen  8,Luleå
10446,Toms Spezialitäten,Luisenstr. 48,Münster
10447,Ricardo Adocicados,"Av. Copacabana, 267",Rio de Janeiro
10448,Rancho grande,Av. del Libertador 900,Buenos Aires
10449,Blondel père et fils,"24, place Kléber",Strasbourg
10450,Victuailles en stock,"2, rue du Commerce",Lyon
10451,QUICK-Stop,Taucherstraße 10,Cunewalde
10452,Save-a-lot Markets,187 Suffolk Ln.,Boise
10453,Around the Horn,Brook Farm Stratford St. Mary,Colchester
10454,La maison d'Asie,1 rue Alsace-Lorraine,Toulouse
10455,Wartian Herkku,Torikatu 38,Oulu
10456,Königlich Essen,Maubelstr. 90,Brandenburg
10457,Königlich Essen,Maubelstr. 90,Brandenburg
10458,Suprêmes délices,"Boulevard Tirou, 255",Charleroi
10459,Victuailles en stock,"2, rue du Commerce",Lyon
10460,Folk och fä HB,Åkergatan 24,Bräcke
10461,LILA-Supermercado,Carrera 52 con Ave. Bolívar #65-98 Llano Largo,Barquisimeto
10462,Consolidated Holdings,Berkeley Gardens 12  Brewery,London
10463,Suprêmes délices,"Boulevard Tirou, 255",Charleroi
10464,Furia Bacalhau e Frutos do Mar,Jardim das rosas n. 32,Lisboa
10465,Vaffeljernet,Smagsloget 45,Århus
10466,Comércio Mineiro,"Av. dos Lusíadas, 23",Sao Paulo
10467,Magazzini Alimentari Riuniti,Via Ludovico il Moro 22,Bergamo
10468,Königlich Essen,Maubelstr. 90,Brandenburg
10469,White Clover Markets,1029 - 12th Ave. S.,Seattle
10470,Bon app',"12, rue des Bouchers",Marseille
10471,B's Beverages,Fauntleroy Circus,London
10472,Seven Seas Imports,90 Wadhurst Rd.,London
10473,Island Trading,Garden House Crowther Way,Cowes
10474,Pericles Comidas clásicas,Calle Dr. Jorge Cash 321,México D.F.
10475,Suprêmes délices,"Boulevard Tirou, 255",Charleroi
10476,HILARION-Abastos,Carrera 22 con Ave. Carlos Soublette #8-35,San Cristóbal
10477,Princesa Isabel Vinhos,Estrada da saúde n. 58,Lisboa
10478,Victuailles en stock,"2, rue du Commerce",Lyon
10479,Rattlesnake Canyon Grocery,2817 Milton Dr.,Albuquerque
10480,Folies gourmandes,"184, chaussée de Tournai",Lille
10481,Ricardo Adocicados,"Av. Copacabana, 267",Rio de Janeiro
10482,Lazy K Kountry Store,12 Orchestra Terrace,Walla Walla
10483,White Clover Markets,1029 - 12th Ave. S.,Seattle
10484,B's Beverages,Fauntleroy Circus,London
10485,LINO-Delicateses,Ave. 5 de Mayo Porlamar,I. de Margarita
10486,HILARION-Abastos,Carrera 22 con Ave. Carlos Soublette #8-35,San Cristóbal
10487,Queen Cozinha,"Alameda dos Canàrios, 891",Sao Paulo
10488,Frankenversand,Berliner Platz 43,München
10489,Piccolo und mehr,Geislweg 14,Salzburg
10490,HILARION-Abastos,Carrera 22 con Ave. Carlos Soublette #8-35,San Cristóbal
10491,Furia Bacalhau e Frutos do Mar,Jardim das rosas n. 32,Lisboa
10492,Bottom-Dollar Markets,23 Tsawassen Blvd.,Tsawassen
10493,La maison d'Asie,1 rue Alsace-Lorraine,Toulouse
10494,Comércio Mineiro,"Av. dos Lusíadas, 23",Sao Paulo
10495,Laughing Bacchus Wine Cellars,2319 Elm St.,Vancouver
10496,Tradiçao Hipermercados,"Av. Inês de Castro, 414",Sao Paulo
10497,Lehmanns Marktstand,Magazinweg 7,Frankfurt a.M.
10498,HILARION-Abastos,Carrera 22 con Ave. Carlos Soublette #8-35,San Cristóbal
10499,LILA-Supermercado,Carrera 52 con Ave. Bolívar #65-98 Llano Largo,Barquisimeto
10500,La maison d'Asie,1 rue Alsace-Lorraine,Toulouse
10501,Blauer See Delikatessen,Forsterstr. 57,Mannheim
10502,Pericles Comidas clásicas,Calle Dr. Jorge Cash 321,México D.F.
10503,Hungry Owl All-Night Grocers,8 Johnstown Road,Cork
10504,White Clover Markets,1029 - 12th Ave. S.,Seattle
10505,Mère Paillarde,43 rue St. Laurent,Montréal
10506,Königlich Essen,Maubelstr. 90,Brandenburg
10507,Antonio Moreno Taquería,Mataderos  2312,México D.F.
10508,Ottilies Käseladen,Mehrheimerstr. 369,Köln
10509,Blauer See Delikatessen,Forsterstr. 57,Mannheim
10510,Save-a-lot Markets,187 Suffolk Ln.,Boise
10511,Bon app',"12, rue des Bouchers",Marseille
10512,Familia Arquibaldo,"Rua Orós, 92",Sao Paulo
10513,Die Wandernde Kuh,Adenauerallee 900,Stuttgart
10514,Ernst Handel,Kirchgasse 6,Graz
10515,QUICK-Stop,Taucherstraße 10,Cunewalde
10516,Hungry Owl All-Night Grocers,8 Johnstown Road,Cork
10517,North/South,South House 300 Queensbridge,London
10518,Tortuga Restaurante,Avda. Azteca 123,México D.F.
10519,Chop-suey Chinese,Hauptstr. 31,Bern
10520,Santé Gourmet,Erling Skakkes gate 78,Stavern
10521,Cactus Comidas para llevar,Cerrito 333,Buenos Aires
10522,Lehmanns Marktstand,Magazinweg 7,Frankfurt a.M.
10523,Seven Seas Imports,90 Wadhurst Rd.,London
10524,Berglunds snabbköp,Berguvsvägen  8,Luleå
10525,Bon app',"12, rue des Bouchers",Marseille
10526,Wartian Herkku,Torikatu 38,Oulu
10527,QUICK-Stop,Taucherstraße 10,Cunewalde
10528,Great Lakes Food Market,2732 Baker Blvd.,Eugene
10529,Maison Dewey,Rue Joseph-Bens 532,Bruxelles
10530,Piccolo und mehr,Geislweg 14,Salzburg
10531,Océano Atlántico Ltda.,Ing. Gustavo Moncada 8585 Piso 20-A,Buenos Aires
10532,Eastern Connection,35 King George,London
10533,Folk och fä HB,Åkergatan 24,Bräcke
10534,Lehmanns Marktstand,Magazinweg 7,Frankfurt a.M.
10535,Antonio Moreno Taquería,Mataderos  2312,México D.F.
10536,Lehmanns Marktstand,Magazinweg 7,Frankfurt a.M.
10537,Richter Supermarkt,Starenweg 5,Genève
10538,B's Beverages,Fauntleroy Circus,London
10539,B's Beverages,Fauntleroy Circus,London
10540,QUICK-Stop,Taucherstraße 10,Cunewalde
10541,Hanari Carnes,"Rua do Paço, 67",Rio de Janeiro
10542,Königlich Essen,Maubelstr. 90,Brandenburg
10543,LILA-Supermercado,Carrera 52 con Ave. Bolívar #65-98 Llano Largo,Barquisimeto
10544,Lonesome Pine Restaurant,89 Chiaroscuro Rd.,Portland
10545,Lazy K Kountry Store,12 Orchestra Terrace,Walla Walla
10546,Victuailles en stock,"2, rue du Commerce",Lyon
10547,Seven Seas Imports,90 Wadhurst Rd.,London
10548,Toms Spezialitäten,Luisenstr. 48,Münster
10549,QUICK-Stop,Taucherstraße 10,Cunewalde
10550,Godos Cocina Típica,"C/ Romero, 33",Sevilla
10551,Furia Bacalhau e Frutos do Mar,Jardim das rosas n. 32,Lisboa
10552,HILARION-Abastos,Carrera 22 con Ave. Carlos Soublette #8-35,San Cristóbal
10553,Wartian Herkku,Torikatu 38,Oulu
10554,Ottilies Käseladen,Mehrheimerstr. 369,Köln
10555,Save-a-lot Markets,187 Suffolk Ln.,Boise
10556,Simons bistro,Vinbæltet 34,Kobenhavn
10557,Lehmanns Marktstand,Magazinweg 7,Frankfurt a.M.
10558,Around the Horn,Brook Farm Stratford St. Mary,Colchester
10559,Blondel père et fils,"24, place Kléber",Strasbourg
10560,Frankenversand,Berliner Platz 43,München
10561,Folk och fä HB,Åkergatan 24,Bräcke
10562,Reggiani Caseifici,Strada Provinciale 124,Reggio Emilia
10563,Ricardo Adocicados,"Av. Copacabana, 267",Rio de Janeiro
10564,Rattlesnake Canyon Grocery,2817 Milton Dr.,Albuquerque
10565,Mère Paillarde,43 rue St. Laurent,Montréal
10566,Blondel père et fils,"24, place Kléber",Strasbourg
10567,Hungry Owl All-Night Grocers,8 Johnstown Road,Cork
10568,Galería del gastronómo,"Rambla de Cataluña, 23",Barcelona
10569,Rattlesnake Canyon Grocery,2817 Milton Dr.,Albuquerque
10570,Mère Paillarde,43 rue St. Laurent,Montréal
10571,Ernst Handel,Kirchgasse 6,Graz
10572,Berglunds snabbköp,Berguvsvägen  8,Luleå
10573,Antonio Moreno Taquería,Mataderos  2312,México D.F.
10574,Trail's Head Gourmet Provisioners,722 DaVinci Blvd.,Kirkland
10575,Morgenstern Gesundkost,Heerstr. 22,Leipzig
10576,Tortuga Restaurante,Avda. Azteca 123,México D.F.
10577,Trail's Head Gourmet Provisioners,722 DaVinci Blvd.,Kirkland
10578,B's Beverages,Fauntleroy Circus,London
10579,Let's Stop N Shop,87 Polk St. Suite 5,San Francisco
10580,Ottilies Käseladen,Mehrheimerstr. 369,Köln
10581,Familia Arquibaldo,"Rua Orós, 92",Sao Paulo
10582,Blauer See Delikatessen,Forsterstr. 57,Mannheim
10583,Wartian Herkku,Torikatu 38,Oulu
10584,Blondel père et fils,"24, place Kléber",Strasbourg
10585,Wellington Importadora,"Rua do Mercado, 12",Resende
10586,Reggiani Caseifici,Strada Provinciale 124,Reggio Emilia
10587,Que Delícia,"Rua da Panificadora, 12",Rio de Janeiro
10588,QUICK-Stop,Taucherstraße 10,Cunewalde
10589,Great Lakes Food Market,2732 Baker Blvd.,Eugene
10590,Mère Paillarde,43 rue St. Laurent,Montréal
10591,Vaffeljernet,Smagsloget 45,Århus
10592,Lehmanns Marktstand,Magazinweg 7,Frankfurt a.M.
10593,Lehmanns Marktstand,Magazinweg 7,Frankfurt a.M.
10594,Old World Delicatessen,2743 Bering St.,Anchorage
10595,Ernst Handel,Kirchgasse 6,Graz
10596,White Clover Markets,1029 - 12th Ave. S.,Seattle
10597,Piccolo und mehr,Geislweg 14,Salzburg
10598,Rattlesnake Canyon Grocery,2817 Milton Dr.,Albuquerque
10599,B's Beverages,Fauntleroy Circus,London
10600,Hungry Coyote Import Store,City Center Plaza 516 Main St.,Elgin
10601,HILARION-Abastos,Carrera 22 con Ave. Carlos Soublette #8-35,San Cristóbal
10602,Vaffeljernet,Smagsloget 45,Århus
10603,Save-a-lot Markets,187 Suffolk Ln.,Boise
10604,Furia Bacalhau e Frutos do Mar,Jardim das rosas n. 32,Lisboa
10605,Mère Paillarde,43 rue St. Laurent,Montréal
10606,Tradiçao Hipermercados,"Av. Inês de Castro, 414",Sao Paulo
10607,Save-a-lot Markets,187 Suffolk Ln.,Boise
10608,Toms Spezialitäten,Luisenstr. 48,Münster
10609,Du monde entier,"67, rue des Cinquante Otages",Nantes
10610,La maison d'Asie,1 rue Alsace-Lorraine,Toulouse
10611,Wolski Zajazd,ul. Filtrowa 68,Warszawa
10612,Save-a-lot Markets,187 Suffolk Ln.,Boise
10613,HILARION-Abastos,Carrera 22 con Ave. Carlos Soublette #8-35,San Cristóbal
10614,Blauer See Delikatessen,Forsterstr. 57,Mannheim
10615,Wilman Kala,Keskuskatu 45,Helsinki
10616,Great Lakes Food Market,2732 Baker Blvd.,Eugene
10617,Great Lakes Food Market,2732 Baker Blvd.,Eugene
10618,Mère Paillarde,43 rue St. Laurent,Montréal
10619,Mère Paillarde,43 rue St. Laurent,Montréal
10620,Laughing Bacchus Wine Cellars,2319 Elm St.,Vancouver
10621,Island Trading,Garden House Crowther Way,Cowes
10622,Ricardo Adocicados,"Av. Copacabana, 267",Rio de Janeiro
10623,Frankenversand,Berliner Platz 43,München
10624,The Cracker Box,55 Grizzly Peak Rd.,Butte
10625,Ana Trujillo Emparedados y helados,Avda. de la Constitución 2222,México D.F.
10626,Berglunds snabbköp,Berguvsvägen  8,Luleå
10627,Save-a-lot Markets,187 Suffolk Ln.,Boise
10628,Blondel père et fils,"24, place Kléber",Strasbourg
10629,Godos Cocina Típica,"C/ Romero, 33",Sevilla
10630,Königlich Essen,Maubelstr. 90,Brandenburg
10631,La maison d'Asie,1 rue Alsace-Lorraine,Toulouse
10632,Die Wandernde Kuh,Adenauerallee 900,Stuttgart
10633,Ernst Handel,Kirchgasse 6,Graz
10634,Folies gourmandes,"184, chaussée de Tournai",Lille
10635,Magazzini Alimentari Riuniti,Via Ludovico il Moro 22,Bergamo
10636,Wartian Herkku,Torikatu 38,Oulu
10637,Queen Cozinha,"Alameda dos Canàrios, 891",Sao Paulo
10638,LINO-Delicateses,Ave. 5 de Mayo Porlamar,I. de Margarita
10639,Santé Gourmet,Erling Skakkes gate 78,Stavern
10640,Die Wandernde Kuh,Adenauerallee 900,Stuttgart
10641,HILARION-Abastos,Carrera 22 con Ave. Carlos Soublette #8-35,San Cristóbal
10642,Simons bistro,Vinbæltet 34,Kobenhavn
10643,Alfreds Futterkiste,Obere Str. 57,Berlin
10644,Wellington Importadora,"Rua do Mercado, 12",Resende
10645,Hanari Carnes,"Rua do Paço, 67",Rio de Janeiro
10646,Hungry Owl All-Night Grocers,8 Johnstown Road,Cork
10647,Que Delícia,"Rua da Panificadora, 12",Rio de Janeiro
10648,Ricardo Adocicados,"Av. Copacabana, 267",Rio de Janeiro
10649,Maison Dewey,Rue Joseph-Bens 532,Bruxelles
10650,Familia Arquibaldo,"Rua Orós, 92",Sao Paulo
10651,Die Wandernde Kuh,Adenauerallee 900,Stuttgart
10652,Gourmet Lanchonetes,"Av. Brasil, 442",Campinas
10653,Frankenversand,Berliner Platz 43,München
10654,Berglunds snabbköp,Berguvsvägen  8,Luleå
10655,Reggiani Caseifici,Strada Provinciale 124,Reggio Emilia
10656,Great Lakes Food Market,2732 Baker Blvd.,Eugene
10657,Save-a-lot Markets,187 Suffolk Ln.,Boise
10658,QUICK-Stop,Taucherstraße 10,Cunewalde
10659,Queen Cozinha,"Alameda dos Canàrios, 891",Sao Paulo
10660,Hungry Coyote Import Store,City Center Plaza 516 Main St.,Elgin
10661,Hungry Owl All-Night Grocers,8 Johnstown Road,Cork
10662,Lonesome Pine Restaurant,89 Chiaroscuro Rd.,Portland
10663,Bon app',"12, rue des Bouchers",Marseille
10664,Furia Bacalhau e Frutos do Mar,Jardim das rosas n. 32,Lisboa
10665,Lonesome Pine Restaurant,89 Chiaroscuro Rd.,Portland
10666,Richter Supermarkt,Starenweg 5,Genève
10667,Ernst Handel,Kirchgasse 6,Graz
10668,Die Wandernde Kuh,Adenauerallee 900,Stuttgart
10669,Simons bistro,Vinbæltet 34,Kobenhavn
10670,Frankenversand,Berliner Platz 43,München
10671,France restauration,"54, rue Royale",Nantes
10672,Berglunds snabbköp,Berguvsvägen  8,Luleå
10673,Wilman Kala,Keskuskatu 45,Helsinki
10674,Island Trading,Garden House Crowther Way,Cowes
10675,Frankenversand,Berliner Platz 43,München
10676,Tortuga Restaurante,Avda. Azteca 123,México D.F.
10677,Antonio Moreno Taquería,Mataderos  2312,México D.F.
10678,Save-a-lot Markets,187 Suffolk Ln.,Boise
10679,Blondel père et fils,"24, place Kléber",Strasbourg
10680,Old World Delicatessen,2743 Bering St.,Anchorage
10681,Great Lakes Food Market,2732 Baker Blvd.,Eugene
10682,Antonio Moreno Taquería,Mataderos  2312,México D.F.
10683,Du monde entier,"67, rue des Cinquante Otages",Nantes
10684,Ottilies Käseladen,Mehrheimerstr. 369,Köln
10685,Gourmet Lanchonetes,"Av. Brasil, 442",Campinas
10686,Piccolo und mehr,Geislweg 14,Salzburg
10687,Hungry Owl All-Night Grocers,8 Johnstown Road,Cork
10688,Vaffeljernet,Smagsloget 45,Århus
10689,Berglunds snabbköp,Berguvsvägen  8,Luleå
10690,Hanari Carnes,"Rua do Paço, 67",Rio de Janeiro
10691,QUICK-Stop,Taucherstraße 10,Cunewalde
10692,Alfred's Futterkiste,Obere Str. 57,Berlin
10693,White Clover Markets,1029 - 12th Ave. S.,Seattle
10694,QUICK-Stop,Taucherstraße 10,Cunewalde
10695,Wilman Kala,Keskuskatu 45,Helsinki
10696,White Clover Markets,1029 - 12th Ave. S.,Seattle
10697,LINO-Delicateses,Ave. 5 de Mayo Porlamar,I. de Margarita
10698,Ernst Handel,Kirchgasse 6,Graz
10699,Morgenstern Gesundkost,Heerstr. 22,Leipzig
10700,Save-a-lot Markets,187 Suffolk Ln.,Boise
10701,Hungry Owl All-Night Grocers,8 Johnstown Road,Cork
10702,Alfred's Futterkiste,Obere Str. 57,Berlin
10703,Folk och fä HB,Åkergatan 24,Bräcke
10704,Queen Cozinha,"Alameda dos Canàrios, 891",Sao Paulo
10705,HILARION-Abastos,Carrera 22 con Ave. Carlos Soublette #8-35,San Cristóbal
10706,Old World Delicatessen,2743 Bering St.,Anchorage
10707,Around the Horn,Brook Farm Stratford St. Mary,Colchester
10708,The Big Cheese,89 Jefferson Way Suite 2,Portland
10709,Gourmet Lanchonetes,"Av. Brasil, 442",Campinas
10710,Franchi S.p.A.,Via Monte Bianco 34,Torino
10711,Save-a-lot Markets,187 Suffolk Ln.,Boise
10712,Hungry Owl All-Night Grocers,8 Johnstown Road,Cork
10713,Save-a-lot Markets,187 Suffolk Ln.,Boise
10714,Save-a-lot Markets,187 Suffolk Ln.,Boise
10715,Bon app',"12, rue des Bouchers",Marseille
10716,Rancho grande,Av. del Libertador 900,Buenos Aires
10717,Frankenversand,Berliner Platz 43,München
10718,Königlich Essen,Maubelstr. 90,Brandenburg
10719,Let's Stop N Shop,87 Polk St. Suite 5,San Francisco
10720,Que Delícia,"Rua da Panificadora, 12",Rio de Janeiro
10721,QUICK-Stop,Taucherstraße 10,Cunewalde
10722,Save-a-lot Markets,187 Suffolk Ln.,Boise
10723,White Clover Markets,1029 - 12th Ave. S.,Seattle
10724,Mère Paillarde,43 rue St. Laurent,Montréal
10725,Familia Arquibaldo,"Rua Orós, 92",Sao Paulo
10726,Eastern Connection,35 King George,London
10727,Reggiani Caseifici,Strada Provinciale 124,Reggio Emilia
10728,Queen Cozinha,"Alameda dos Canàrios, 891",Sao Paulo
10729,LINO-Delicateses,Ave. 5 de Mayo Porlamar,I. de Margarita
10730,Bon app',"12, rue des Bouchers",Marseille
10731,Chop-suey Chinese,Hauptstr. 31,Bern
10732,Bon app',"12, rue des Bouchers",Marseille
10733,Berglunds snabbköp,Berguvsvägen  8,Luleå
10734,Gourmet Lanchonetes,"Av. Brasil, 442",Campinas
10735,Let's Stop N Shop,87 Polk St. Suite 5,San Francisco
10736,Hungry Owl All-Night Grocers,8 Johnstown Road,Cork
10737,Vins et alcools Chevalier,59 rue de l'Abbaye,Reims
10738,Spécialités du monde,"25, rue Lauriston",Paris
10739,Vins et alcools Chevalier,59 rue de l'Abbaye,Reims
10740,White Clover Markets,1029 - 12th Ave. S.,Seattle
10741,Around the Horn,Brook Farm Stratford St. Mary,Colchester
10742,Bottom-Dollar Markets,23 Tsawassen Blvd.,Tsawassen
10743,Around the Horn,Brook Farm Stratford St. Mary,Colchester
10744,Vaffeljernet,Smagsloget 45,Århus
10745,QUICK-Stop,Taucherstraße 10,Cunewalde
10746,Chop-suey Chinese,Hauptstr. 31,Bern
10747,Piccolo und mehr,Geislweg 14,Salzburg
10748,Save-a-lot Markets,187 Suffolk Ln.,Boise
10749,Island Trading,Garden House Crowther Way,Cowes
10750,Wartian Herkku,Torikatu 38,Oulu
10751,Richter Supermarkt,Starenweg 5,Genève
10752,North/South,South House 300 Queensbridge,London
10753,Franchi S.p.A.,Via Monte Bianco 34,Torino
10754,Magazzini Alimentari Riuniti,Via Ludovico il Moro 22,Bergamo
10755,Bon app',"12, rue des Bouchers",Marseille
10756,Split Rail Beer & Ale,P.O. Box 555,Lander
10757,Save-a-lot Markets,187 Suffolk Ln.,Boise
10758,Richter Supermarkt,Starenweg 5,Genève
10759,Ana Trujillo Emparedados y helados,Avda. de la Constitución 2222,México D.F.
10760,Maison Dewey,Rue Joseph-Bens 532,Bruxelles
10761,Rattlesnake Canyon Grocery,2817 Milton Dr.,Albuquerque
10762,Folk och fä HB,Åkergatan 24,Bräcke
10763,Folies gourmandes,"184, chaussée de Tournai",Lille
10764,Ernst Handel,Kirchgasse 6,Graz
10765,QUICK-Stop,Taucherstraße 10,Cunewalde
10766,Ottilies Käseladen,Mehrheimerstr. 369,Köln
10767,Suprêmes délices,"Boulevard Tirou, 255",Charleroi
10768,Around the Horn,Brook Farm Stratford St. Mary,Colchester
10769,Vaffeljernet,Smagsloget 45,Århus
10770,Hanari Carnes,"Rua do Paço, 67",Rio de Janeiro
10771,Ernst Handel,Kirchgasse 6,Graz
10772,Lehmanns Marktstand,Magazinweg 7,Frankfurt a.M.
10773,Ernst Handel,Kirchgasse 6,Graz
10774,Folk och fä HB,Åkergatan 24,Bräcke
10775,The Cracker Box,55 Grizzly Peak Rd.,Butte
10776,Ernst Handel,Kirchgasse 6,Graz
10777,Gourmet Lanchonetes,"Av. Brasil, 442",Campinas
10778,Berglunds snabbköp,Berguvsvägen  8,Luleå
10779,Morgenstern Gesundkost,Heerstr. 22,Leipzig
10780,LILA-Supermercado,Carrera 52 con Ave. Bolívar #65-98 Llano Largo,Barquisimeto
10781,Wartian Herkku,Torikatu 38,Oulu
10782,Cactus Comidas para llevar,Cerrito 333,Buenos Aires
10783,Hanari Carnes,"Rua do Paço, 67",Rio de Janeiro
10784,Magazzini Alimentari Riuniti,Via Ludovico il Moro 22,Bergamo
10785,GROSELLA-Restaurante,5ª Ave. Los Palos Grandes,Caracas
10786,Queen Cozinha,"Alameda dos Canàrios, 891",Sao Paulo
10787,La maison d'Asie,1 rue Alsace-Lorraine,Toulouse
10788,QUICK-Stop,Taucherstraße 10,Cunewalde
10789,Folies gourmandes,"184, chaussée de Tournai",Lille
10790,Gourmet Lanchonetes,"Av. Brasil, 442",Campinas
10791,Frankenversand,Berliner Platz 43,München
10792,Wolski Zajazd,ul. Filtrowa 68,Warszawa
10793,Around the Horn,Brook Farm Stratford St. Mary,Colchester
10794,Que Delícia,"Rua da Panificadora, 12",Rio de Janeiro
10795,Ernst Handel,Kirchgasse 6,Graz
10796,HILARION-Abastos,Carrera 22 con Ave. Carlos Soublette #8-35,San Cristóbal
10797,Drachenblut Delikatessen,Walserweg 21,Aachen
10798,Island Trading,Garden House Crowther Way,Cowes
10799,Königlich Essen,Maubelstr. 90,Brandenburg
10800,Seven Seas Imports,90 Wadhurst Rd.,London
10801,Bólido Comidas preparadas,"C/ Araquil, 67",Madrid
10802,Simons bistro,Vinbæltet 34,Kobenhavn
10803,Wellington Importadora,"Rua do Mercado, 12",Resende
10804,Seven Seas Imports,90 Wadhurst Rd.,London
10805,The Big Cheese,89 Jefferson Way Suite 2,Portland
10806,Victuailles en stock,"2, rue du Commerce",Lyon
10807,Franchi S.p.A.,Via Monte Bianco 34,Torino
10808,Old World Delicatessen,2743 Bering St.,Anchorage
10809,Wellington Importadora,"Rua do Mercado, 12",Resende
10810,Laughing Bacchus Wine Cellars,2319 Elm St.,Vancouver
10811,LINO-Delicateses,Ave. 5 de Mayo Porlamar,I. de Margarita
10812,Reggiani Caseifici,Strada Provinciale 124,Reggio Emilia
10813,Ricardo Adocicados,"Av. Copacabana, 267",Rio de Janeiro
10814,Victuailles en stock,"2, rue du Commerce",Lyon
10815,Save-a-lot Markets,187 Suffolk Ln.,Boise
10816,Great Lakes Food Market,2732 Baker Blvd.,Eugene
10817,Königlich Essen,Maubelstr. 90,Brandenburg
10818,Magazzini Alimentari Riuniti,Via Ludovico il Moro 22,Bergamo
10819,Cactus Comidas para llevar,Cerrito 333,Buenos Aires
10820,Rattlesnake Canyon Grocery,2817 Milton Dr.,Albuquerque
10821,Split Rail Beer & Ale,P.O. Box 555,Lander
10822,Trail's Head Gourmet Provisioners,722 DaVinci Blvd.,Kirkland
10823,LILA-Supermercado,Carrera 52 con Ave. Bolívar #65-98 Llano Largo,Barquisimeto
10824,Folk och fä HB,Åkergatan 24,Bräcke
10825,Drachenblut Delikatessen,Walserweg 21,Aachen
10826,Blondel père et fils,"24, place Kléber",Strasbourg
10827,Bon app',"12, rue des Bouchers",Marseille
10828,Rancho grande,Av. del Libertador 900,Buenos Aires
10829,Island Trading,Garden House Crowther Way,Cowes
10830,Tradiçao Hipermercados,"Av. Inês de Castro, 414",Sao Paulo
10831,Santé Gourmet,Erling Skakkes gate 78,Stavern
10832,La maison d'Asie,1 rue Alsace-Lorraine,Toulouse
10833,Ottilies Käseladen,Mehrheimerstr. 369,Köln
10834,Tradiçao Hipermercados,"Av. Inês de Castro, 414",Sao Paulo
10835,Alfred's Futterkiste,Obere Str. 57,Berlin
10836,Ernst Handel,Kirchgasse 6,Graz
10837,Berglunds snabbköp,Berguvsvägen  8,Luleå
10838,LINO-Delicateses,Ave. 5 de Mayo Porlamar,I. de Margarita
10839,Tradiçao Hipermercados,"Av. Inês de Castro, 414",Sao Paulo
10840,LINO-Delicateses,Ave. 5 de Mayo Porlamar,I. de Margarita
10841,Suprêmes délices,"Boulevard Tirou, 255",Charleroi
10842,Tortuga Restaurante,Avda. Azteca 123,México D.F.
10843,Victuailles en stock,"2, rue du Commerce",Lyon
10844,Piccolo und mehr,Geislweg 14,Salzburg
10845,QUICK-Stop,Taucherstraße 10,Cunewalde
10846,Suprêmes délices,"Boulevard Tirou, 255",Charleroi
10847,Save-a-lot Markets,187 Suffolk Ln.,Boise
10848,Consolidated Holdings,Berkeley Gardens 12  Brewery,London
10849,Königlich Essen,Maubelstr. 90,Brandenburg
10850,Victuailles en stock,"2, rue du Commerce",Lyon
10851,Ricardo Adocicados,"Av. Copacabana, 267",Rio de Janeiro
10852,Rattlesnake Canyon Grocery,2817 Milton Dr.,Albuquerque
10853,Blauer See Delikatessen,Forsterstr. 57,Mannheim
10854,Ernst Handel,Kirchgasse 6,Graz
10855,Old World Delicatessen,2743 Bering St.,Anchorage
10856,Antonio Moreno Taquería,Mataderos  2312,México D.F.
10857,Berglunds snabbköp,Berguvsvägen  8,Luleå
10858,La corne d'abondance,"67, avenue de l'Europe",Versailles
10859,Frankenversand,Berliner Platz 43,München
10860,France restauration,"54, rue Royale",Nantes
10861,White Clover Markets,1029 - 12th Ave. S.,Seattle
10862,Lehmanns Marktstand,Magazinweg 7,Frankfurt a.M.
10863,HILARION-Abastos,Carrera 22 con Ave. Carlos Soublette #8-35,San Cristóbal
10864,Around the Horn,Brook Farm Stratford St. Mary,Colchester
10865,QUICK-Stop,Taucherstraße 10,Cunewalde
10866,Berglunds snabbköp,Berguvsvägen  8,Luleå
10867,Lonesome Pine Restaurant,89 Chiaroscuro Rd.,Portland
10868,Queen Cozinha,"Alameda dos Canàrios, 891",Sao Paulo
10869,Seven Seas Imports,90 Wadhurst Rd.,London
10870,Wolski Zajazd,ul. Filtrowa 68,Warszawa
10871,Bon app',"12, rue des Bouchers",Marseille
10872,Godos Cocina Típica,"C/ Romero, 33",Sevilla
10873,Wilman Kala,Keskuskatu 45,Helsinki
10874,Godos Cocina Típica,"C/ Romero, 33",Sevilla
10875,Berglunds snabbköp,Berguvsvägen  8,Luleå
10876,Bon app',"12, rue des Bouchers",Marseille
10877,Ricardo Adocicados,"Av. Copacabana, 267",Rio de Janeiro
10878,QUICK-Stop,Taucherstraße 10,Cunewalde
10879,Wilman Kala,Keskuskatu 45,Helsinki
10880,Folk och fä HB,Åkergatan 24,Bräcke
10881,Cactus Comidas para llevar,Cerrito 333,Buenos Aires
10882,Save-a-lot Markets,187 Suffolk Ln.,Boise
10883,Lonesome Pine Restaurant,89 Chiaroscuro Rd.,Portland
10884,Let's Stop N Shop,87 Polk St. Suite 5,San Francisco
10885,Suprêmes délices,"Boulevard Tirou, 255",Charleroi
10886,Hanari Carnes,"Rua do Paço, 67",Rio de Janeiro
10887,Galería del gastronómo,"Rambla de Cataluña, 23",Barcelona
10888,Godos Cocina Típica,"C/ Romero, 33",Sevilla
10889,Rattlesnake Canyon Grocery,2817 Milton Dr.,Albuquerque
10890,Du monde entier,"67, rue des Cinquante Otages",Nantes
10891,Lehmanns Marktstand,Magazinweg 7,Frankfurt a.M.
10892,Maison Dewey,Rue Joseph-Bens 532,Bruxelles
10893,Königlich Essen,Maubelstr. 90,Brandenburg
10894,Save-a-lot Markets,187 Suffolk Ln.,Boise
10895,Ernst Handel,Kirchgasse 6,Graz
10896,Maison Dewey,Rue Joseph-Bens 532,Bruxelles
10897,Hungry Owl All-Night Grocers,8 Johnstown Road,Cork
10898,Océano Atlántico Ltda.,Ing. Gustavo Moncada 8585 Piso 20-A,Buenos Aires
10899,LILA-Supermercado,Carrera 52 con Ave. Bolívar #65-98 Llano Largo,Barquisimeto
10900,Wellington Importadora,"Rua do Mercado, 12",Resende
10901,HILARION-Abastos,Carrera 22 con Ave. Carlos Soublette #8-35,San Cristóbal
10902,Folk och fä HB,Åkergatan 24,Bräcke
10903,Hanari Carnes,"Rua do Paço, 67",Rio de Janeiro
10904,White Clover Markets,1029 - 12th Ave. S.,Seattle
10905,Wellington Importadora,"Rua do Mercado, 12",Resende
10906,Wolski Zajazd,ul. Filtrowa 68,Warszawa
10907,Spécialités du monde,"25, rue Lauriston",Paris
10908,Reggiani Caseifici,Strada Provinciale 124,Reggio Emilia
10909,Santé Gourmet,Erling Skakkes gate 78,Stavern
10910,Wilman Kala,Keskuskatu 45,Helsinki
10911,Godos Cocina Típica,"C/ Romero, 33",Sevilla
10912,Hungry Owl All-Night Grocers,8 Johnstown Road,Cork
10913,Queen Cozinha,"Alameda dos Canàrios, 891",Sao Paulo
10914,Queen Cozinha,"Alameda dos Canàrios, 891",Sao Paulo
10915,Tortuga Restaurante,Avda. Azteca 123,México D.F.
10916,Rancho grande,Av. del Libertador 900,Buenos Aires
10917,Romero y tomillo,"Gran Vía, 1",Madrid
10918,Bottom-Dollar Markets,23 Tsawassen Blvd.,Tsawassen
10919,LINO-Delicateses,Ave. 5 de Mayo Porlamar,I. de Margarita
10920,Around the Horn,Brook Farm Stratford St. Mary,Colchester
10921,Vaffeljernet,Smagsloget 45,Århus
10922,Hanari Carnes,"Rua do Paço, 67",Rio de Janeiro
10923,La maison d'Asie,1 rue Alsace-Lorraine,Toulouse
10924,Berglunds snabbköp,Berguvsvägen  8,Luleå
10925,Hanari Carnes,"Rua do Paço, 67",Rio de Janeiro
10926,Ana Trujillo Emparedados y helados,Avda. de la Constitución 2222,México D.F.
10927,La corne d'abondance,"67, avenue de l'Europe",Versailles
10928,Galería del gastronómo,"Rambla de Cataluña, 23",Barcelona
10929,Frankenversand,Berliner Platz 43,München
10930,Suprêmes délices,"Boulevard Tirou, 255",Charleroi
10931,Richter Supermarkt,Starenweg 5,Genève
10932,Bon app',"12, rue des Bouchers",Marseille
10933,Island Trading,Garden House Crowther Way,Cowes
10934,Lehmanns Marktstand,Magazinweg 7,Frankfurt a.M.
10935,Wellington Importadora,"Rua do Mercado, 12",Resende
10936,Great Lakes Food Market,2732 Baker Blvd.,Eugene
10937,Cactus Comidas para llevar,Cerrito 333,Buenos Aires
10938,QUICK-Stop,Taucherstraße 10,Cunewalde
10939,Magazzini Alimentari Riuniti,Via Ludovico il Moro 22,Bergamo
10940,Bon app',"12, rue des Bouchers",Marseille
10941,Save-a-lot Markets,187 Suffolk Ln.,Boise
10942,Reggiani Caseifici,Strada Provinciale 124,Reggio Emilia
10943,B's Beverages,Fauntleroy Circus,London
10944,Bottom-Dollar Markets,23 Tsawassen Blvd.,Tsawassen
10945,Morgenstern Gesundkost,Heerstr. 22,Leipzig
10946,Vaffeljernet,Smagsloget 45,Århus
10947,B's Beverages,Fauntleroy Circus,London
10948,Godos Cocina Típica,"C/ Romero, 33",Sevilla
10949,Bottom-Dollar Markets,23 Tsawassen Blvd.,Tsawassen
10950,Magazzini Alimentari Riuniti,Via Ludovico il Moro 22,Bergamo
10951,Richter Supermarkt,Starenweg 5,Genève
10952,Alfred's Futterkiste,Obere Str. 57,Berlin
10953,Around the Horn,Brook Farm Stratford St. Mary,Colchester
10954,LINO-Delicateses,Ave. 5 de Mayo Porlamar,I. de Margarita
10955,Folk och fä HB,Åkergatan 24,Bräcke
10956,Blauer See Delikatessen,Forsterstr. 57,Mannheim
10957,HILARION-Abastos,Carrera 22 con Ave. Carlos Soublette #8-35,San Cristóbal
10958,Océano Atlántico Ltda.,Ing. Gustavo Moncada 8585 Piso 20-A,Buenos Aires
10959,Gourmet Lanchonetes,"Av. Brasil, 442",Campinas
10960,HILARION-Abastos,Carrera 22 con Ave. Carlos Soublette #8-35,San Cristóbal
10961,Queen Cozinha,"Alameda dos Canàrios, 891",Sao Paulo
10962,QUICK-Stop,Taucherstraße 10,Cunewalde
10963,Furia Bacalhau e Frutos do Mar,Jardim das rosas n. 32,Lisboa
10964,Spécialités du monde,"25, rue Lauriston",Paris
10965,Old World Delicatessen,2743 Bering St.,Anchorage
10966,Chop-suey Chinese,Hauptstr. 31,Bern
10967,Toms Spezialitäten,Luisenstr. 48,Münster
10968,Ernst Handel,Kirchgasse 6,Graz
10969,Comércio Mineiro,"Av. dos Lusíadas, 23",Sao Paulo
10970,Bólido Comidas preparadas,"C/ Araquil, 67",Madrid
10971,France restauration,"54, rue Royale",Nantes
10972,La corne d'abondance,"67, avenue de l'Europe",Versailles
10973,La corne d'abondance,"67, avenue de l'Europe",Versailles
10974,Split Rail Beer & Ale,P.O. Box 555,Lander
10975,Bottom-Dollar Markets,23 Tsawassen Blvd.,Tsawassen
10976,HILARION-Abastos,Carrera 22 con Ave. Carlos Soublette #8-35,San Cristóbal
10977,Folk och fä HB,Åkergatan 24,Bräcke
10978,Maison Dewey,Rue Joseph-Bens 532,Bruxelles
10979,Ernst Handel,Kirchgasse 6,Graz
10980,Folk och fä HB,Åkergatan 24,Bräcke
10981,Hanari Carnes,"Rua do Paço, 67",Rio de Janeiro
10982,Bottom-Dollar Markets,23 Tsawassen Blvd.,Tsawassen
10983,Save-a-lot Markets,187 Suffolk Ln.,Boise
10984,Save-a-lot Markets,187 Suffolk Ln.,Boise
10985,Hungry Owl All-Night Grocers,8 Johnstown Road,Cork
10986,Océano Atlántico Ltda.,Ing. Gustavo Moncada 8585 Piso 20-A,Buenos Aires
10987,Eastern Connection,35 King George,London
10988,Rattlesnake Canyon Grocery,2817 Milton Dr.,Albuquerque
10989,Que Delícia,"Rua da Panificadora, 12",Rio de Janeiro
10990,Ernst Handel,Kirchgasse 6,Graz
10991,QUICK-Stop,Taucherstraße 10,Cunewalde
10992,The Big Cheese,89 Jefferson Way Suite 2,Portland
10993,Folk och fä HB,Åkergatan 24,Bräcke
10994,Vaffeljernet,Smagsloget 45,Århus
10995,Pericles Comidas clásicas,Calle Dr. Jorge Cash 321,México D.F.
10996,QUICK-Stop,Taucherstraße 10,Cunewalde
10997,LILA-Supermercado,Carrera 52 con Ave. Bolívar #65-98 Llano Largo,Barquisimeto
10998,Wolski Zajazd,ul. Filtrowa 68,Warszawa
10999,Ottilies Käseladen,Mehrheimerstr. 369,Köln
11000,Rattlesnake Canyon Grocery,2817 Milton Dr.,Albuquerque
11001,Folk och fä HB,Åkergatan 24,Bräcke
11002,Save-a-lot Markets,187 Suffolk Ln.,Boise
11003,The Cracker Box,55 Grizzly Peak Rd.,Butte
11004,Maison Dewey,Rue Joseph-Bens 532,Bruxelles
11005,Wilman Kala,Keskuskatu 45,Helsinki
11006,Great Lakes Food Market,2732 Baker Blvd.,Eugene
11007,Princesa Isabel Vinhos,Estrada da saúde n. 58,Lisboa
11008,Ernst Handel,Kirchgasse 6,Graz
11009,Godos Cocina Típica,"C/ Romero, 33",Sevilla
11010,Reggiani Caseifici,Strada Provinciale 124,Reggio Emilia
11011,Alfred's Futterkiste,Obere Str. 57,Berlin
11012,Frankenversand,Berliner Platz 43,München
11013,Romero y tomillo,"Gran Vía, 1",Madrid
11014,LINO-Delicateses,Ave. 5 de Mayo Porlamar,I. de Margarita
11015,Santé Gourmet,Erling Skakkes gate 78,Stavern
11016,Around the Horn,Brook Farm Stratford St. Mary,Colchester
11017,Ernst Handel,Kirchgasse 6,Graz
11018,Lonesome Pine Restaurant,89 Chiaroscuro Rd.,Portland
11019,Rancho grande,Av. del Libertador 900,Buenos Aires
11020,Ottilies Käseladen,Mehrheimerstr. 369,Köln
11021,QUICK-Stop,Taucherstraße 10,Cunewalde
11022,Hanari Carnes,"Rua do Paço, 67",Rio de Janeiro
11023,B's Beverages,Fauntleroy Circus,London
11024,Eastern Connection,35 King George,London
11025,Wartian Herkku,Torikatu 38,Oulu
11026,Franchi S.p.A.,Via Monte Bianco 34,Torino
11027,Bottom-Dollar Markets,23 Tsawassen Blvd.,Tsawassen
11028,Königlich Essen,Maubelstr. 90,Brandenburg
11029,Chop-suey Chinese,Hauptstr. 31,Bern
11030,Save-a-lot Markets,187 Suffolk Ln.,Boise
11031,Save-a-lot Markets,187 Suffolk Ln.,Boise
11032,White Clover Markets,1029 - 12th Ave. S.,Seattle
11033,Richter Supermarkt,Starenweg 5,Genève
11034,Old World Delicatessen,2743 Bering St.,Anchorage
11035,Suprêmes délices,"Boulevard Tirou, 255",Charleroi
11036,Drachenblut Delikatessen,Walserweg 21,Aachen
11037,Godos Cocina Típica,"C/ Romero, 33",Sevilla
11038,Suprêmes délices,"Boulevard Tirou, 255",Charleroi
11039,LINO-Delicateses,Ave. 5 de Mayo Porlamar,I. de Margarita
11040,Great Lakes Food Market,2732 Baker Blvd.,Eugene
11041,Chop-suey Chinese,Hauptstr. 31,Bern
11042,Comércio Mineiro,"Av. dos Lusíadas, 23",Sao Paulo
11043,Spécialités du monde,"25, rue Lauriston",Paris
11044,Wolski Zajazd,ul. Filtrowa 68,Warszawa
11045,Bottom-Dollar Markets,23 Tsawassen Blvd.,Tsawassen
11046,Die Wandernde Kuh,Adenauerallee 900,Stuttgart
11047,Eastern Connection,35 King George,London
11048,Bottom-Dollar Markets,23 Tsawassen Blvd.,Tsawassen
11049,Gourmet Lanchonetes,"Av. Brasil, 442",Campinas
11050,Folk och fä HB,Åkergatan 24,Bräcke
11051,La maison d'Asie,1 rue Alsace-Lorraine,Toulouse
11052,Hanari Carnes,"Rua do Paço, 67",Rio de Janeiro
11053,Piccolo und mehr,Geislweg 14,Salzburg
11054,Cactus Comidas para llevar,Cerrito 333,Buenos Aires
11055,HILARION-Abastos,Carrera 22 con Ave. Carlos Soublette #8-35,San Cristóbal
11056,Eastern Connection,35 King George,London
11057,North/South,South House 300 Queensbridge,London
11058,Blauer See Delikatessen,Forsterstr. 57,Mannheim
11059,Ricardo Adocicados,"Av. Copacabana, 267",Rio de Janeiro
11060,Franchi S.p.A.,Via Monte Bianco 34,Torino
11061,Great Lakes Food Market,2732 Baker Blvd.,Eugene
11062,Reggiani Caseifici,Strada Provinciale 124,Reggio Emilia
11063,Hungry Owl All-Night Grocers,8 Johnstown Road,Cork
11064,Save-a-lot Markets,187 Suffolk Ln.,Boise
11065,LILA-Supermercado,Carrera 52 con Ave. Bolívar #65-98 Llano Largo,Barquisimeto
11066,White Clover Markets,1029 - 12th Ave. S.,Seattle
11067,Drachenblut Delikatessen,Walserweg 21,Aachen
11068,Queen Cozinha,"Alameda dos Canàrios, 891",Sao Paulo
11069,Tortuga Restaurante,Avda. Azteca 123,México D.F.
11070,Lehmanns Marktstand,Magazinweg 7,Frankfurt a.M.
11071,LILA-Supermercado,Carrera 52 con Ave. Bolívar #65-98 Llano Largo,Barquisimeto
11072,Ernst Handel,Kirchgasse 6,Graz
11073,Pericles Comidas clásicas,Calle Dr. Jorge Cash 321,México D.F.
11074,Simons bistro,Vinbæltet 34,Kobenhavn
11075,Richter Supermarkt,Starenweg 5,Genève
11076,Bon app',"12, rue des Bouchers",Marseille
11077,Rattlesnake Canyon Grocery,2817 Milton Dr.,Albuquerque
